{"mpn": [0.05, 0.11071428571428571, 0.17142857142857143, 0.23214285714285715, 0.29285714285714287, 0.35357142857142854, 0.41428571428571426, 0.475, 0.5357142857142857, 0.5964285714285714, 0.6571428571428571, 0.7178571428571429, 0.7785714285714286], "time": [0.2539031664530436, 0.5631693840026856, 0.8178719361623128, 1.2768669287363688, 1.6595066388448079, 1.8990517616271974, 2.1272743066151936, 2.2971499443054197, 2.3335775693257648, 2.4110559463500976, 2.524404748280843, 2.4969429969787598, 2.622538169225057]}