{"1e-05": [0.22347840070724487, 0.2263180732727051, 0.2772811412811279, 0.5171411395072937, 0.8763993382453918, 0.98942950963974], "1e-06": [0.2008926272392273, 0.2229377269744873, 0.31451876163482667, 0.6744531035423279, 0.9288583993911743, 1.2111708998680115], "1e-07": [0.20055882930755614, 0.261696994304657, 0.8776782393455506, 1.0474172949790954, 1.5541849493980409, 1.9780197143554688], "1e-08": [0.200469446182251, 0.2634535312652588, 0.8998985886573792, 1.0302767395973205, 1.9279912114143372, 2.178825521469116], "1e-09": [0.19948976039886473, 0.26426645517349245, 1.1606568694114685, 2.071381688117981, 2.7511340737342835, 3.3941158771514894], "1e-10": [0.20061453580856323, 0.2977584481239319, 1.6051735162734986, 3.036575722694397, 4.161774778366089, 6.323984599113464]}