{"direct results": [[0.2750759878419453, 0.33586626139817627, 0.34599797365754814, 0.04305977710233029], [0.6073482428115016, 0.17827476038338658, 0.18594249201277954, 0.02843450479233227], [0.6953727506426736, 0.14190231362467867, 0.14190231362467867, 0.02082262210796915], [0.7362936112369732, 0.11984594472134119, 0.1266425011327594, 0.017217942908926143], [0.7557583659278575, 0.11125597566275533, 0.11603650586701435, 0.01694915254237288], [0.773784355179704, 0.10443974630021141, 0.10570824524312897, 0.016067653276955602], [0.7729193071398395, 0.10287283481199831, 0.1106886354034643, 0.01351922264469793], [0.7821864021492044, 0.10022731969415169, 0.10456705930977475, 0.013019218846869188], [0.7944243882872042, 0.09205776173285199, 0.09947853991175291, 0.014039310068190935], [0.7934564431955038, 0.09052589321557607, 0.10056202328382176, 0.015455640305098354]], "bs results": [[8432000.0, 8472000.0], [8240000.0, 8456000.0], [8128000.0, 8368000.0], [8416000.0, 8112000.0], [8312000.0, 8320000.0], [8288000.0, 8280000.0], [8296000.0, 8328000.0], [8176000.0, 8376000.0], [8576000.0, 8136000.0], [8224000.0, 8376000.0]]}