{"0.0": [0.00019096931916647098, 0.0002252474022819006, 0.00032650973126167047, 0.0004901630657022909, 0.0007089301695511976, 0.0009733792225861329, 0.0012725836682379176, 0.00159484832788885, 0.0019284316805512985, 0.0022621994033148957, 0.0025861562792318456, 0.0028918206624737905, 0.003172425274461435, 0.0034229475504906045, 0.0036399897682759044, 0.003821542116836119, 0.003966669847781377, 0.004075168608379109, 0.00414723052362855, 0.004183158488661982, 0.004183158488661966, 0.0041472305236284895, 0.004075168608379104, 0.003966669847781412, 0.003821542116836092, 0.003639989768275865, 0.0034229475504905776, 0.003172425274461402, 0.0028918206624737744, 0.0025861562792318144, 0.0022621994033148896, 0.0019284316805512455, 0.0015948483278888273, 0.0012725836682379106, 0.0009733792225861018, 0.0007089301695511806, 0.00049016306570228, 0.00032650973126166206, 0.00022524708639504648, 0.00019096931916647128], "0.2243994752564138": [0.0002574705283806611, 0.00020262674261127642, 0.00021578093025995937, 0.000294619560343261, 0.00043405794306526814, 0.0006267120068918531, 0.0008635050466098576, 0.0011343468760070545, 0.0014288164048768316, 0.001736783414063885, 0.0020489169187645293, 0.0023570443129780306, 0.0026543449347165827, 0.0029353811356007237, 0.0031959870411473017, 0.0034330482313287, 0.0036442136211529775, 0.0038275837301516187, 0.003981417796130188, 0.004103896726382785, 0.004192970761624687, 0.00424631096598679, 0.0042613730664004205, 0.004235571336809967, 0.004166549587609439, 0.004052526275394047, 0.003892681788525132, 0.00368754877165533, 0.003439361793413151, 0.003152321682380895, 0.0028327332901978185, 0.00248898376459502, 0.0021313415222725457, 0.001771573157763391, 0.0014223949066411816, 0.0010967947720859769, 0.0008072784557901529, 0.0005651042933681468, 0.0003795774505711901, 0.0002574705283806638], "0.4487989505128276": [0.00045108581540306147, 0.00031028709449984395, 0.00023590494705282597, 0.00022789190332949693, 0.0002834116664157711, 0.0003972475762180985, 0.0005623518331904671, 0.0007704717898957705, 0.0010127865813233288, 0.0012804909634930761, 0.001565274139728182, 0.0018596575542091504, 0.0021571746943242483, 0.002452395280616243, 0.0027408134903617503, 0.003018633267110706, 0.0032824922579179814, 0.003529169201076685, 0.0037553180269835206, 0.003957266359416403, 0.004130907563734981, 0.004271705043106109, 0.004374816061462596, 0.0044353307140017565, 0.0044486103615500065, 0.004410699421798571, 0.004318775439343465, 0.004171595522350687, 0.003969893333658411, 0.0037166806790117396, 0.0034174120232939443, 0.003079979315113086, 0.002714518091485662, 0.002333023071767495, 0.0019487907480366796, 0.00157572569096908, 0.0012275639712465368, 0.0009170788667646907, 0.0006553389683607389, 0.00045108581540305676], "0.6731984257692414": [0.0007550158938927758, 0.0005357292074357914, 0.0003787626276146472, 0.000286209303211766, 0.0002574266807866478, 0.00028937922805604777, 0.00037712837742301115, 0.0005144023874687245, 0.0006941826466032463, 0.0009092447989388577, 0.0011526030308139311, 0.0014178211788513082, 0.001699172764634125, 0.001991651165368255, 0.002290848582197963, 0.002592736410706705, 0.0028933888434703636, 0.003188695547490408, 0.0034741082187338935, 0.003744460383080583, 0.0039938909548205715, 0.004215890861438176, 0.004403479545024354, 0.004549505293765048, 0.004647050959718836, 0.004689915421963401, 0.0046731318781347096, 0.004593477431828197, 0.004449925233733112, 0.004243991305786321, 0.003979933601703217, 0.003664770940435068, 0.003308103784378146, 0.00292173641242524, 0.0025191192579733044, 0.0021146489788433174, 0.0017228799130232994, 0.0013577117661087827, 0.0010316229411362766, 0.0007550158938927574], "0.8975979010256552": [0.00114390049512934, 0.0008575161729967333, 0.0006270480427706653, 0.00045649935360589014, 0.0003472592305373271, 0.0002983806135118408, 0.00030701192402083656, 0.0003689095001400394, 0.00047897135668575685, 0.0006317325130414412, 0.0008217709768079043, 0.0010439877160213164, 0.0012937415945482977, 0.0015668389987184659, 0.0018593955059785293, 0.0021676015270848093, 0.0024874340176203086, 0.00281436136564066, 0.003143088316207271, 0.003467382728455595, 0.003780016911804167, 0.004072844326834723, 0.004337018729483902, 0.0045633485425422724, 0.004742765449852702, 0.0048668739370924426, 0.004928538676153408, 0.00492246010507567, 0.004845686006195025, 0.0046980088543238235, 0.0044822054279901255, 0.004204086486624522, 0.0038723395666942465, 0.0034981659711833383, 0.003094732173647689, 0.002676474143102207, 0.0022583084114479483, 0.0018548141020456673, 0.0014794541207934773, 0.0011439004951293364], "1.121997376282069": [0.0015872382965086492, 0.0012484977715664113, 0.0009572781056288668, 0.0007191691187016022, 0.0005373309662283666, 0.00041271146760859026, 0.00034442312985354963, 0.0003301997776809504, 0.00036687788628219124, 0.0004508449658263792, 0.0005784049975667838, 0.000746023971648649, 0.0009504352988390689, 0.0011886031864623342, 0.001457559836619248, 0.001754147590113453, 0.002074708357961891, 0.002414768855850344, 0.002768770887976612, 0.0031298913944033937, 0.0034899878507167253, 0.0038396919306532846, 0.004168659387907752, 0.004465968269912806, 0.004720642236291082, 0.004922262231256831, 0.005061619219870493, 0.005131354105029824, 0.005126528993470645, 0.005045077045824583, 0.0048880862096415114, 0.004659884737400271, 0.004367912615124422, 0.0040223815162454555, 0.003635744942551614, 0.0032220179067527356, 0.00279599993213293, 0.00237246460492314, 0.0019653821859738655, 0.001587238296508638], "1.3463968515384828": [0.002053191716483683, 0.00167945089234092, 0.0013432518178121847, 0.0010513704928554082, 0.0008083921321891971, 0.0006168749239865609, 0.0004776784194894572, 0.00039036849518190816, 0.000353648753725424, 0.0003657629347229443, 0.0004248193421785622, 0.0005290001094506568, 0.0006766338763908826, 0.00086612829712364, 0.0010957766940968875, 0.0013634691399165518, 0.001666350570158933, 0.002000475942908164, 0.002360514261849509, 0.002739549374809177, 0.003129016339597581, 0.0035187988103898334, 0.0038974967204622843, 0.004252856136556785, 0.0045723362319363935, 0.004843773493729581, 0.0050560919630172115, 0.005200001600233587, 0.005268625462280721, 0.00525800049252748, 0.005167406087924142, 0.004999488460898506, 0.004760165961536474, 0.004458319421168336, 0.004105290451123841, 0.0037142276446766823, 0.0032993340669525482, 0.0028750778590535615, 0.002455430280421162, 0.0020531917164836825], "1.5707963267948966": [0.002512101608676714, 0.0021224684695419814, 0.001759294872841593, 0.0014300849727567739, 0.0011404345046944965, 0.0008941504391195877, 0.0006935387989140275, 0.0005397643801714039, 0.0004332369981886642, 0.00037397104649195787, 0.0003618703992767524, 0.0003969012789118495, 0.00047913050319388123, 0.0006086238997945483, 0.0007852177036427629, 0.0010081924223958574, 0.0012758920872616153, 0.0015853404723189261, 0.0019319087602921111, 0.0023090858898168996, 0.002708393750091609, 0.00311947544451508, 0.003530367504856649, 0.00392794804013061, 0.004298534341425448, 0.004628587363455296, 0.004905468426331889, 0.005118186653013038, 0.0052580747548110224, 0.005319335870744467, 0.005299414732716954, 0.005199161415992919, 0.005022773878937261, 0.0047775246695387664, 0.004473295754945449, 0.004121961665136313, 0.0037366735189057042, 0.0033311038770540828, 0.0029187140764408547, 0.002512101608676728],