{"0.0": [5.645487801932231e-06, 9.485984115178552e-06, 2.090795530199822e-05, 3.961561641217694e-05, 6.512443603775684e-05, 9.677374914960081e-05, 0.00013374385516273365, 0.00017507724775091133, 0.00021970341375754005, 0.0002664665589240888, 0.00031415554235429905, 0.00036153524442719627, 0.00040737855574650276, 0.00045049815862942933, 0.0004897772780110001, 0.0005241986053315976, 0.0005528706462943169, 0.000575050810098939, 0.0005901646421536531, 0.0005978207021471514, 0.0005978207021471549, 0.0005901646421536517, 0.0005750508100989391, 0.0005528706462943058, 0.0005241986053315927, 0.0004897772780109946, 0.0004504981586294228, 0.00040737855574649663, 0.00036153524442718955, 0.00031415554235429254, 0.00026646655892408484, 0.00021970341375753517, 0.0001750772477509064, 0.00013374385516272728, 9.677374914959661e-05, 6.512443603775292e-05, 3.961561641217448e-05, 2.0907955301996245e-05, 9.485971303291066e-06, 5.64548780193228e-06], "0.2243994752564138": [1.3161842023239423e-05, 6.178850119526401e-06, 6.863915340284629e-06, 1.5199305517381184e-05, 3.09691348389144e-05, 5.37649730089692e-05, 8.299641979304165e-05, 0.0001179063960739978, 0.0001575907518035238, 0.00020102168301346597, 0.0002470743513986932, 0.00029455601703839507, 0.00034223692973346664, 0.0003888821788907349, 0.00043328367705864896, 0.00047429144875768683, 0.0005108434142412626, 0.000541992896803188, 0.0005669331412071901, 0.0005850182082236995, 0.000595779704116656, 0.0005989389117951703, 0.0005944140094398343, 0.0005823221896448336, 0.0005629766241912989, 0.0005368783530627449, 0.0005047033077725847, 0.0004672848050930731, 0.0004255919645885727, 0.00038070460892790614, 0.00033378529704445215, 0.00028604921447039774, 0.00023873270066981271, 0.00019306122849590163, 0.00015021766508785698, 0.00011131163623325054, 7.735078764302807e-05, 4.921468745685749e-05, 2.7632045890350394e-05, 1.3161842023239367e-05], "0.4487989505128276": [3.5333811707368165e-05, 1.787632154602079e-05, 7.787302595597739e-06, 5.327832463902556e-06, 1.0561685009679177e-05, 2.335330620120713e-05, 4.337139976875639e-05, 7.009750760394769e-05, 0.00010283943755242751, 0.00014074919082707446, 0.0001828449247311512, 0.00022803638186841797, 0.00027515312723699545, 0.000322974861881124, 0.0003702630279931225, 0.0004157928869100263, 0.0004583852392016115, 0.000496936965316269, 0.0005304495957979143, 0.000558055171120447, 0.0005790387213835564, 0.0005928567836575764, 0.0005991514773879122, 0.000597759773313385, 0.000588717715838516, 0.000572259489502306, 0.0005488113537217773, 0.0005189806028968906, 0.000483539837804645, 0.00044340695564475336, 0.0003996213769843173, 0.0003533171253111447, 0.0003056934564210623, 0.0002579837983227632, 0.00021142380610026165, 0.00016721935909528308, 0.00012651532926572596, 9.036592960333694e-05, 5.9707410570964504e-05, 3.533381170736831e-05], "0.6731984257692414": [7.104974479938107e-05, 4.3992060260630295e-05, 2.363171360425022e-05, 1.0495376874458831e-05, 4.923492926314225e-06, 7.060370627304783e-06, 1.6850665967422342e-05, 3.404081543996364e-05, 5.8185603203159804e-05, 8.865969193661683e-05, 0.00012467381874944124, 0.00016529523667453084, 0.00020947187232507272, 0.000256059574042641, 0.0003038517448241385, 0.00035161059255040016, 0.0003980991881518838, 0.0004421135014218449, 0.00048251358476623924, 0.000518253097247657, 0.0005484064042659132, 0.0005721925510080333, 0.0005889954887676988, 0.0005983800302831039, 0.0006001031208584763, 0.0005941201333529986, 0.0005805860240003637, 0.0005598513191236508, 0.0005324530366877362, 0.0004991007778160418, 0.0004606583484942234, 0.0004181213874488311, 0.0003725915796273034, 0.000325248123136509, 0.00027731718863118756, 0.00023004016213806785, 0.00018464149380983952, 0.00014229698530938208, 0.00010410333716431044, 7.104974479938184e-05], "0.8975979010256552": [0.00011851864677080672, 8.321643884097084e-05, 5.360267766688414e-05, 3.0443093543934012e-05, 1.4337928020389373e-05, 5.704296423654163e-06, 4.765805277047283e-06, 1.1546761008298635e-05, 2.5871540425841143e-05, 4.736913926722033e-05, 7.548278101461387e-05, 0.00010948433711418018, 0.00014849318512313782, 0.00019149901636845746, 0.00023738800241080858, 0.00028497164261607, 0.00033301754569746656, 0.00038028134800252827, 0.00042553894187810144, 0.0004676181794155116, 0.0005054292304657724, 0.0005379928086678888, 0.0005644655344512957, 0.0005841617781236874, 0.0005965714173199095, 0.0006013730489032538, 0.0005984423131379097, 0.0005878551145407371, 0.0005698856559942164, 0.0005449993370357716, 0.0005138407002542519, 0.0004772167379754169, 0.0004360759915846038, 0.0003914839848031, 0.0003445956271834378, 0.00029662530255865176, 0.0002488154171388675, 0.00020240422184307938, 0.00015859374225077653, 0.00011851864677080547], "1.121997376282069": [0.000175360228663941, 0.0001335825831582902, 9.619732549756204e-05, 6.417072066412364e-05, 3.833291120502969e-05, 1.9353082813296144e-05, 7.72280307462236e-06, 3.74329012513541e-06, 7.517611259885669e-06, 1.8948013544041894e-05, 3.7738455562559854e-05, 6.340227473732318e-05, 9.52747916322894e-05, 0.00013253052480174406, 0.00017420457032612995, 0.00021921759231673856, 0.0002664037771482624, 0.0003145410274193283, 0.00036238261363324796, 0.0004086894638371122, 0.0004522622549345115, 0.0004919724745237519, 0.0005267916487762921, 0.000555817979368664, 0.0005782996995853535, 0.0005936545446818502, 0.0006014848322356907, 0.0006015877619122854, 0.0005939606678870747, 0.0005788010878889894, 0.0005565016470770154, 0.0005276398892548297, 0.0004929633187896403, 0.0004533700406417276, 0.000409885499917735, 0.0003636359233810383, 0.00031581915077015093, 0.0002676736113786971, 0.00022044624938723285, 0.00017536022866394092], "1.3463968515384828": [0.0002387242162128844, 0.00019256492442581307, 0.00014927978359428916, 0.00010998701417690775, 7.570523382903507e-05, 4.732232265428622e-05, 2.557338314323255e-05, 1.102170140501704e-05, 4.044158353013799e-06, 4.821468687134876e-06, 1.3333500478028641e-05, 2.9359796573475135e-05, 5.2485284322828956e-05, 8.211102574064074e-05, 0.00011746972968587515, 0.00015764562429942513, 0.00020159817501422156, 0.000248189033853967, 0.00029621152204776325, 0.0003444218823764414, 0.00039157149183122755, 0.00043643920029379365, 0.00047786295768287784, 0.0005147699104410072, 0.0005462041878780666, 0.0005713516587201134, 0.0005895610166816887, 0.0006003606489565343, 0.0006034708507415024, 0.0005988110694440879, 0.0005865019909522135, 0.0005668624139331667, 0.0005404009931155422, 0.0005078030653989733, 0.00046991289998841047, 0.0004277118322652037, 0.0003822928477161848, 0.0003348322741836738, 0.000286559315592272, 0.0002387242162128825], "1.5707963267948966": [0.00030543327449696094, 0.00025720584176358124, 0.00021018827585505916, 0.00016559455381338185, 0.00012458089158280965, 8.820952147162461e-05, 5.742244286070868e-05, 3.3017024914372925e-05, 1.5625355137853797e-05, 5.697868642938368e-06, 3.491682115176821e-06, 9.063934626781565e-06, 2.2270307764671924e-05, 4.276876340156333e-05, 7.002840230380636e-05, 0.00010334321414265958, 0.0001418503627909666, 0.0001845525333256022, 0.00023034376196014446, 0.0002780380799259804, 0.00032640022944046957, 0.0003741776562346534, 0.0004201329500508901, 0.0004630758929185467, 0.0005018942851742361, 0.0005355827508489017, 0.0005632687763773034, 0.0005842353082410552, 0.0005979393242781088, 0.0006040258976714837, 0.0006023373893674148, 0.0005929175308440537, 0.0005760102914891391, 0.0005520535599209833, 0.0005216678029033155, 0.00048563999558199836, 0.000444903239242104, 0.0004005125944748088, 0.000353617755662256, 0.00030543327449696154],