{"0.0": [5.07429115867197e-06, 8.728985373732791e-06, 1.9598413358404035e-05, 3.74010626373523e-05, 6.1675853945554e-05, 9.17940829390854e-05, 0.00012697570330739676, 0.00016630952956299633, 0.0002087768362669814, 0.00025327774248275935, 0.00029865969811459966, 0.00034374733434967315, 0.0003873729050929431, 0.00042840653097761896, 0.00046578546264725045, 0.0004985416054058529, 0.0005258265923619825, 0.0005469337566856143, 0.0005613164339078628, 0.0005686021202435397, 0.0005686021202435369, 0.0005613164339078659, 0.0005469337566856179, 0.000525826592361977, 0.0004985416054058504, 0.00046578546264725566, 0.00042840653097762026, 0.0003873729050929502, 0.0003437473343496751, 0.00029865969811460036, 0.0002532777424827606, 0.0002087768362669834, 0.00016630952956299928, 0.00012697570330739695, 9.17940829390877e-05, 6.16758539455547e-05, 3.7401062637353397e-05, 1.959841335840501e-05, 8.72898537373312e-06, 5.074291158671947e-06], "0.2243994752564138": [1.2267814836764372e-05, 5.612388860979422e-06, 6.253938295464788e-06, 1.4175847346857836e-05, 2.9172942731914164e-05, 5.0856807557773896e-05, 7.866584111545541e-05, 0.00011187980404322958, 0.00014963847214775712, 0.00019096391575884798, 0.00023478582759422952, 0.000279969243155959, 0.00032534393571474285, 0.00036973472456753773, 0.00041199191160045843, 0.0004510210578660383, 0.0004858113289770654, 0.0005154616751862516, 0.0005392041681013872, 0.0005564238896273274, 0.0005666748580216535, 0.0005696915785875471, 0.0005653959198469526, 0.0005538991371048458, 0.000535498990995268, 0.0005106720356373122, 0.00048006127613373453, 0.0004444595150765931, 0.00040478881937652795, 0.0003620766392141074, 0.00031742919761986593, 0.0002720028398788725, 0.00022697408479524893, 0.0001835091534731442, 0.0001427337648027251, 0.0001057039799322317, 7.3378850838954e-05, 4.659558138680154e-05, 2.6047844185981363e-05, 1.2267814836764338e-05], "0.4487989505128276": [3.348767255621999e-05, 1.6854333810643903e-05, 7.231303899314106e-06, 4.8678142421886605e-06, 9.825077979903205e-06, 2.197470458558155e-05, 4.1002025112041825e-05, 6.64142419522413e-05, 9.755319203844025e-05, 0.00013361239291994443, 0.00017365793023494864, 0.00021665264560195014, 0.00026148299847702665, 0.00030698790626901, 0.00035198881576872164, 0.00039532022705800787, 0.0004358598793454148, 0.00047255781693120456, 0.0005044635825084362, 0.0005307508335079965, 0.0005507387439370455, 0.0005639096374146437, 0.0005699223947180724, 0.0005686212885915193, 0.0005600400170002429, 0.0005444008303709021, 0.0005221087754223213, 0.000493741204668183, 0.0004600328232902269, 0.0004218566606599419, 0.0003802014593364427, 0.0003361460671535292, 0.00029083149562750905, 0.00024543136835825986, 0.00020112152479446124, 0.0001590495666095312, 0.00012030513542107425, 8.589169164535727e-05, 5.6700525399622154e-05, 3.348767255622017e-05], "0.6731984257692414": [6.766981204459717e-05, 4.1891102160676934e-05, 2.248150097745239e-05, 9.943706970174822e-06, 4.602442417833058e-06, 6.596043266695309e-06, 1.5872876301966405e-05, 3.219267642092898e-05, 5.513276937289833e-05, 8.40990188002951e-05, 0.00011834121405821947, 0.00015697250027608926, 0.0001989923474329437, 0.00024331246355942775, 0.0002887849809281533, 0.00033423218522487895, 0.000378477017730645, 0.0004203735605242899, 0.00045883671515469974, 0.0004928703061207076, 0.0005215928812933224, 0.0005442605410628458, 0.0005602862049480194, 0.0005692548166721166, 0.0005709340939024712, 0.0005652805442409021, 0.0005524405916539779, 0.0005327467841691765, 0.0005067091810556703, 0.00047500214255717925, 0.0004384468643158782, 0.0003979901088366073, 0.00035467968483532825, 0.0003096373095437511, 0.00026402955682225653, 0.00021903764350968447, 0.0001758268365276658, 0.00013551627307943878, 9.91499755841547e-05, 6.766981204459773e-05], "0.8975979010256552": [0.00011310019809576181, 7.9467245801565e-05, 5.1239820969101635e-05, 2.9148999074351653e-05, 1.376692080061255e-05, 5.4919738953412306e-06, 4.538475136754115e-06, 1.0931119641849017e-05, 2.450434127584581e-05, 4.4906600728108425e-05, 7.160949019563757e-05, 0.000103921418867606, 0.0001410055247640846, 0.00018190134902174018, 0.00022554971127388576, 0.000270820141865624, 0.00031654016042408664, 0.00036152564248423505, 0.00040461148769048915, 0.0004446817952839719, 0.0004806987653459615, 0.0005117295772707094, 0.0005369705493290936, 0.0005557679536032774, 0.0005676349471963766, 0.0005722641812077816, 0.0005695357609082162, 0.0005595203509502673, 0.0005424773451909941, 0.0005188481485272801, 0.0004892447447408751, 0.0004544338464398873, 0.000415317037604996, 0.00037290742303790886, 0.00032830338947916236, 0.0002826601579685161, 0.00023715986422680484, 0.00019298094196173383, 0.00015126760205385245, 0.000113100198095762], "1.121997376282069": [0.00016750076145234113, 0.0001276985399868444, 9.20642016255974e-05, 6.152065701430103e-05, 3.6858967914600674e-05, 1.8717859119990728e-05, 7.567175819164665e-06, 3.6957148524304326e-06, 7.203745025241131e-06, 1.8000410198805113e-05, 3.5806082416352154e-05, 6.0159604120340603e-05, 9.043023189094949e-05, 0.00012583397236935143, 0.00016545388727388344, 0.00020826384161990464, 0.00025315508007688325, 0.00029896494314906414, 0.0003445069794457044, 0.00038860167414883406, 0.00043010699782753125, 0.0004679479844002567, 0.0005011445721917325, 0.0005288369870155243, 0.0005503080098738487, 0.0005650015525528896, 0.0005725370600154319, 0.0005727193665763915, 0.000565543750591623, 0.0005511960567459368, 0.0005300478827734496, 0.0005026469552714296, 0.0004697029438691211, 0.0004320690811571598, 0.0003907200644116252, 0.00034672681144658397, 0.0003012287244052452, 0.0002554041798429284, 0.00021044000939327687, 0.000167500761452342], "1.3463968515384828": [0.00022814363071066375, 0.00018416646622972034, 0.00014290753803305404, 0.00010543543068864045, 7.272065209350934e-05, 4.561049782899188e-05, 2.4807106650229553e-05, 1.084927546123487e-05, 4.098504758090892e-06, 4.72963595599247e-06, 1.2726323088431912e-05, 2.788145615914556e-05, 4.980252518222734e-05, 7.792178598458602e-05, 0.00011151096448180941, 0.00014970011859440232, 0.0001915001692906879, 0.00023582851721419128, 0.00028153708143830033, 0.00032744203415921105, 0.00037235446121421843, 0.0004151111543340125, 0.00045460473762584414, 0.0004898123480274771, 0.0005198221269232246, 0.0005438568368030848, 0.0005612939913060364, 0.0005716819772897579, 0.0005747517513738314, 0.0005704238080219558, 0.000558810238693585, 0.0005402118287339974, 0.0005151102671918418, 0.0004841556713258287, 0.0004481497489091815, 0.00040802503441944777, 0.0003648207368853702, 0.00031965582491891244, 0.0002737000460159682, 0.00022814363071066218], "1.5707963267948966": [0.0002919879191835509, 0.00024603948691885027, 0.00020122033300071804, 0.00015869124997321823, 0.00011955371874726065, 8.482138082359884e-05, 5.539378551040039e-05, 3.203309206867058e-05, 1.534433018774428e-05, 5.759730034133429e-06, 3.527527717258134e-06, 8.705536104603555e-06, 2.115964749881968e-05, 4.056730695664002e-05, 6.642586629248245e-05, 9.80656024024231e-05, 0.0001346670627407988, 0.0001752822887107243, 0.00021885936729375705, 0.00026426967504458856, 0.0003103371088454098, 0.00035586854635888735, 0.0003996847472699889, 0.0004406508949907036, 0.00047770598781359696, 0.0005098903182986989, 0.000536370329192092, 0.0005564602021209513, 0.0005696396199291402, 0.0005755672426182622, 0.0005740895478743023, 0.0005652448072149294, 0.000549262094777297, 0.0005265553544182024, 0.0004977126787856534, 0.00046348107802815963, 0.0004247471326243179, 0.00038251403141407867, 0.0003378755895347635, 0.0002919879191835505],