{"1e-05": [0.0677556037902832, 0.06591286659240722, 0.16411561965942384, 0.3161881446838379, 0.4971610546112061, 0.8296589851379395], "1e-06": [0.035736608505249026, 0.05937318801879883, 0.21022610664367675, 0.5523511409759522, 0.7672824859619141, 1.3383892059326172], "1e-07": [0.03665680885314941, 0.08428707122802734, 0.2618898868560791, 0.6306077480316162, 0.9660868644714355, 1.5121637344360352], "1e-08": [0.032510232925415036, 0.09382200241088867, 0.28254384994506837, 1.05679612159729, 1.7241520881652832, 2.8525935649871825], "1e-09": [0.03228263854980469, 0.07088336944580079, 0.3430171489715576, 1.5908610820770264, 2.9800789833068846, 3.954483652114868], "1e-10": [0.03365921974182129, 0.07004866600036622, 0.4125226020812988, 1.7768467903137206, 3.476533031463623, 6.2031416416168215]}