{"1e-05": [0.2032460927963257, 0.2888826847076416, 1.5784573554992676, 3.7737762928009033, 6.9757863759994505, 12.001848816871643], "1e-06": [0.20173485279083253, 0.2939745426177979, 1.7188662052154542, 7.154596519470215, 12.834611463546754, 24.44272575378418], "1e-07": [0.20267820358276367, 0.3405239820480347, 2.226993536949158, 9.069724822044373, 20.028154563903808, 40.1043936252594], "1e-08": [0.2016721248626709, 0.2911455392837524, 2.367789125442505, 10.511968755722046, 27.027546095848084, 54.77301182746887], "1e-09": [0.2056502103805542, 0.30222601890563966, 2.1948227643966676, 11.59672782421112, 34.45938954353333, 73.4849855184555], "1e-10": [0.2020486116409302, 0.2904255151748657, 2.4872230529785155, 12.99580912590027, 39.80789654254913, 93.95363371372223]}