{"1e-05": [0.22519625027974446, 0.22487152417500814, 0.21094338099161783, 0.2527043183644613, 0.4499938488006592, 0.6988137245178223], "1e-06": [0.2023306687672933, 0.22211451530456544, 0.2744505564371745, 0.5771354993184408, 1.1069523652394613, 0.8892901102701823], "1e-07": [0.2005697727203369, 0.22261552810668944, 0.280108642578125, 0.5537878354390462, 1.0921143213907878, 1.3301326910654703], "1e-08": [0.2013079007466634, 0.22432678540547688, 0.7118539969126384, 1.099897273381551, 1.607281510035197, 2.289963642756144], "1e-09": [0.20252044995625815, 0.2693127473195394, 1.0650230407714845, 1.5697948296864828, 1.8423732757568358, 2.551770559946696], "1e-10": [0.20268524487813314, 0.27022918065388996, 1.0786139011383056, 1.0234202067057292, 2.296631940205892, 2.7153353691101074]}