{"0.0": [0.00013102035492582663, 0.00016124203683623225, 0.00025086024946426494, 0.0003967887898134821, 0.0005940607694799542, 0.0008360794717505656, 0.0011149423047221356, 0.0014218137019247254, 0.0017473199973326316, 0.00208193895784567, 0.002416358779026824, 0.002741785679870404, 0.0030501852932348483, 0.003334450196528001, 0.0035884934179181457, 0.003807274818654596, 0.003986773179148918, 0.004123921020663601, 0.004216521278906015, 0.004263164741342344, 0.004263164741342313, 0.004216521278906018, 0.0041239210206636045, 0.003986773179148913, 0.003807274818654549, 0.0035884934179182, 0.003334450196528009, 0.0030501852932348196, 0.002741785679870402, 0.002416358779026814, 0.0020819389578456697, 0.0017473199973326316, 0.0014218137019247317, 0.0011149423047221332, 0.000836079471750567, 0.0005940607694799527, 0.0003967887898134796, 0.00025086024946426424, 0.00016124203683623109, 0.00013102035492582674], "0.2243994752564138": [0.00019046177312954376, 0.0001395962422776144, 0.000148857813463654, 0.000217126284000168, 0.00034134691140026127, 0.0005167419582000837, 0.000737095049426896, 0.0009950844462024754, 0.0012826388723326105, 0.00159128957194219, 0.0019124947598414728, 0.0022379172424455552, 0.0025596422146236474, 0.002870329399396368, 0.0031633010297982553, 0.0034325739059069284, 0.0036728491985527755, 0.003879477263027591, 0.004048416121119142, 0.0041762013549183925, 0.004259942065814829, 0.004297352654568511, 0.004286824034777936, 0.004227531198410201, 0.0041195675655283075, 0.003964091009670011, 0.0037634624978917686, 0.0035213563983418155, 0.0032428219510471086, 0.0029342781878647427, 0.0026034294959898447, 0.0022590955910984597, 0.0019109572660723627, 0.0015692271584003706, 0.0012442621435165518, 0.0009461400636975423, 0.0006842277121659672, 0.0004667688624438252, 0.0003005204461240075, 0.0001904617731295454], "0.4487989505128276": [0.00036470053775988743, 0.00023533615889461684, 0.00016432777258287265, 0.00015251794029232305, 0.00019880940033858519, 0.00030033790652503757, 0.0004527178173744838, 0.0006503364329170826, 0.0008866708516895442, 0.0011546014904398562, 0.001446699265340991, 0.0017554684172248, 0.002073533502630487, 0.0023937664431299085, 0.002709356926747809, 0.00301383609363556, 0.003301068609299127, 0.003565231390976946, 0.0038007980830942942, 0.004002546804699079, 0.004165604902731642, 0.0042855388659892015, 0.004358490805790853, 0.004381355739673069, 0.004351987123460208, 0.004269412430846906, 0.0041340367302769195, 0.003947810625524303, 0.003714339844948297, 0.0034389171615752854, 0.003128462919851162, 0.0027913677215473604, 0.0024372390890931407, 0.002076562375517992, 0.0017202939934879854, 0.001379411414936, 0.0010644487061526708, 0.0007850481704816779, 0.0005495577776893469, 0.00036470053775988423], "0.6731984257692414": [0.0006419038713775433, 0.0004403705490465697, 0.0002929949773023659, 0.00020250287013336124, 0.00016972321161796313, 0.00019372269081243773, 0.00027201331966282425, 0.0004008089752144828, 0.0005753044490356757, 0.0007899511477577454, 0.0010387067366951395, 0.0013152413570173712, 0.0016130899576211558, 0.0019257479911802679, 0.002246715380440462, 0.0025695004302824843, 0.0028876005092095124, 0.003194479294287513, 0.003483560845438023, 0.0037482586967293938, 0.003982053746800835, 0.004178628471987186, 0.004332057550273591, 0.004437047179636482, 0.004489208055680545, 0.004485340953790537, 0.00442370982604647, 0.004304275759117231, 0.0041288662810194466, 0.003901258309261356, 0.003627159182698745, 0.0033140781523537796, 0.0029710896722120123, 0.002608498966588946, 0.002237428767581395, 0.0018693529905729098, 0.0015156077722726594, 0.0011869122759063644, 0.0008929307771925455, 0.0006419038713775516], "0.8975979010256552": [0.001003698198880428, 0.0007398212811359114, 0.0005236503875712972, 0.00035963761503352156, 0.00025043015041352414, 0.00019696646098401374, 0.00019864651555902304, 0.0002535516057367229, 0.0003586870479423016, 0.0005102216146068527, 0.0007037008324821976, 0.0009342168827233118, 0.0011965250896388653, 0.001485105074319716, 0.0017941726759693234, 0.002117655821147247, 0.0024491528687834645, 0.002781894983912623, 0.00310873445261955, 0.003422178487619437, 0.003714483223491962, 0.003977815766443402, 0.004204484065551838, 0.0043872258725668216, 0.0045195400697071635, 0.004596037041022448, 0.004612780280580762, 0.004567589596675722, 0.004460277345062407, 0.004292793069963964, 0.004069258419454845, 0.0037958826401773755, 0.0034807585506024864, 0.003133548724552254, 0.00276508073939522, 0.0023868778736222712, 0.002010656848731895, 0.0016478266013504948, 0.0013090214231196251, 0.001003698198880438], "1.121997376282069": [0.0014269764954292603, 0.0011136798439944195, 0.000839655348648864, 0.0006108472271253694, 0.00043153571366394113, 0.0003043955981627091, 0.000230629643258864, 0.00021015256132943483, 0.00024179864400722365, 0.0003235265233655948, 0.00045259779358333886, 0.0006257119236629734, 0.000839087380784612, 0.0010884873118682968, 0.0013691965555285934, 0.001675964240319234, 0.002002931933620605, 0.0023435705950575875, 0.0026906500736890945, 0.0030362624833859546, 0.003371915718860493, 0.003688706145510339, 0.003977570853931101, 0.004229610716947145, 0.004436466790349747, 0.00459072528984038, 0.0046863212553040845, 0.004718908663078649, 0.00468616547363355, 0.004588005901855707, 0.004426678753880127, 0.0042067393907498475, 0.00393489293595687, 0.0036197167824116886, 0.0032712802730840897, 0.002900687685304977, 0.0025195765520711864, 0.0021396063485888857, 0.0017719723919766737, 0.0014269764954292611], "1.3463968515384828": [0.0018860403773246829, 0.0015387995426648583, 0.001220780619181851, 0.0009391099451559786, 0.0006994393116311723, 0.0005059687273635895, 0.00036154424997869664, 0.00026780708387477015, 0.00022536715019627848, 0.00023397439339532488, 0.0002926641296383739, 0.00039985837890627626, 0.0005534126981324051, 0.0007506066885386867, 0.000988085116643796, 0.0012617644860487992, 0.001566726040279872, 0.0018971198663812867, 0.0022461055654814164, 0.0026058527279943615, 0.0029676193870878825, 0.003321919217504046, 0.0036587792440485388, 0.003968080148292336, 0.004239961918474318, 0.004465269559767082, 0.004636007729980148, 0.004745770136534886, 0.004790109690612878, 0.004766818810407712, 0.004676095617831073, 0.004520580502998486, 0.004305257817870468, 0.004037228324880856, 0.00372536842814317, 0.0033799011583996535, 0.003011910517912813, 0.0026328344984629303, 0.0022539725379440096, 0.0018860403773246948], "1.5707963267948966": [0.0023547747464141918, 0.0019909276176649426, 0.0016450889425173893, 0.0013251871745397846, 0.0010379113413574103, 0.0007887021008024423, 0.000581816647433379, 0.0004204446042607552, 0.0003068486210910285, 0.0002425030639199084, 0.00022820689681592017, 0.0002641522838025794, 0.00034993794314769225, 0.00048452502140920836, 0.0006661422415541519, 0.0008921553139269898, 0.0011589221552037114, 0.0014616595893596198, 0.001794348412023876, 0.0021497017992480588, 0.0025192171762223187, 0.0028933242887805503, 0.0032616330679561367, 0.0036132748680270917, 0.003937320814927124, 0.0042232523438070525, 0.004461452441730466, 0.004643682350334738, 0.00476350795310947, 0.00481664287981036, 0.004801181278836841, 0.004717701696727582, 0.004569233762872396, 0.004361090429070728, 0.0041005792996822495, 0.003796616077677767, 0.0034592704447108614, 0.003099279110824087, 0.002727561922599082, 0.0023547747464141918],